INSERT INTO public.usuario
(id, username, email, "password", image_profile, banner_url, confirm_token, money, experience, created_at, updated_at, ativo)
VALUES(1000000004, 'ana-clara', 'ana.clara@cwi.com', '$2a$10$rp2xDYBIsMIT1EUGj032veZ6kEIcqHYDn8qXMQoObHCajRC1JJf.W', 'http://localhost:8080/api/static/avatar01.png', 'http://localhost:8080/api/static/banner01.png', '01elmiqr', 1000000000, 10000, '2023-03-24 11:40:20.053', '2023-03-24 11:40:20.053', true);

INSERT INTO public.usuario
(id, username, email, "password", image_profile, banner_url, confirm_token, money, experience, created_at, updated_at, ativo)
VALUES(1000000005, 'arthur-palma', 'arthur.palma@cwi.com', '$2a$10$rp2xDYBIsMIT1EUGj032veZ6kEIcqHYDn8qXMQoObHCajRC1JJf.W', 'http://localhost:8080/api/static/avatar01.png', 'http://localhost:8080/api/static/banner01.png', '01elmiqr', 1000000000, 10000, '2023-03-24 11:40:20.053', '2023-03-24 11:40:20.053', true);

INSERT INTO public.usuario
(id, username, email, "password", image_profile, banner_url, confirm_token, money, experience, created_at, updated_at, ativo)
VALUES(1000000006, 'carlos-schutz', 'carlos.schutz@cwi.com', '$2a$10$rp2xDYBIsMIT1EUGj032veZ6kEIcqHYDn8qXMQoObHCajRC1JJf.W', 'http://localhost:8080/api/static/avatar01.png', 'http://localhost:8080/api/static/banner01.png', '01elmiqr', 1000000000, 10000, '2023-03-24 11:40:20.053', '2023-03-24 11:40:20.053', true);

INSERT INTO public.usuario
(id, username, email, "password", image_profile, banner_url, confirm_token, money, experience, created_at, updated_at, ativo)
VALUES(1000000007, 'douglas-dalmoro', 'douglas.dalmoro@cwi.com', '$2a$10$rp2xDYBIsMIT1EUGj032veZ6kEIcqHYDn8qXMQoObHCajRC1JJf.W', 'http://localhost:8080/api/static/avatar01.png', 'http://localhost:8080/api/static/banner01.png', '01elmiqr', 1000000000, 10000, '2023-03-24 11:40:20.053', '2023-03-24 11:40:20.053', true);

INSERT INTO public.usuario
(id, username, email, "password", image_profile, banner_url, confirm_token, money, experience, created_at, updated_at, ativo)
VALUES(1000000008, 'gabriel-kist', 'gabriel.kista@cwi.com', '$2a$10$rp2xDYBIsMIT1EUGj032veZ6kEIcqHYDn8qXMQoObHCajRC1JJf.W', 'http://localhost:8080/api/static/avatar01.png', 'http://localhost:8080/api/static/banner01.png', '01elmiqr', 1000000000, 10000, '2023-03-24 11:40:20.053', '2023-03-24 11:40:20.053', true);

INSERT INTO public.usuario
(id, username, email, "password", image_profile, banner_url, confirm_token, money, experience, created_at, updated_at, ativo)
VALUES(1000000009, 'gabriel-vitti', 'gabriel.vitti@cwi.com', '$2a$10$rp2xDYBIsMIT1EUGj032veZ6kEIcqHYDn8qXMQoObHCajRC1JJf.W', 'http://localhost:8080/api/static/avatar01.png', 'http://localhost:8080/api/static/banner01.png', '01elmiqr', 1000000000, 10000, '2023-03-24 11:40:20.053', '2023-03-24 11:40:20.053', true);

INSERT INTO public.usuario
(id, username, email, "password", image_profile, banner_url, confirm_token, money, experience, created_at, updated_at, ativo)
VALUES(1000000010, 'luiza-pereira', 'luiza.pereira@cwi.com', '$2a$10$rp2xDYBIsMIT1EUGj032veZ6kEIcqHYDn8qXMQoObHCajRC1JJf.W', 'http://localhost:8080/api/static/avatar01.png', 'http://localhost:8080/api/static/banner01.png', '01elmiqr', 1000000000, 10000, '2023-03-24 11:40:20.053', '2023-03-24 11:40:20.053', true);

INSERT INTO public.usuario
(id, username, email, "password", image_profile, banner_url, confirm_token, money, experience, created_at, updated_at, ativo)
VALUES(1000000011, 'nathan-berger', 'nathan.berger@cwi.com', '$2a$10$rp2xDYBIsMIT1EUGj032veZ6kEIcqHYDn8qXMQoObHCajRC1JJf.W', 'http://localhost:8080/api/static/avatar01.png', 'http://localhost:8080/api/static/banner01.png', '01elmiqr', 1000000000, 10000, '2023-03-24 11:40:20.053', '2023-03-24 11:40:20.053', true);

INSERT INTO public.usuario
(id, username, email, "password", image_profile, banner_url, confirm_token, money, experience, created_at, updated_at, ativo)
VALUES(1000000012, 'natassia-terribele', 'natassia.terribele@cwi.com', '$2a$10$rp2xDYBIsMIT1EUGj032veZ6kEIcqHYDn8qXMQoObHCajRC1JJf.W', 'http://localhost:8080/api/static/avatar01.png', 'http://localhost:8080/api/static/banner01.png', '01elmiqr', 1000000000, 10000, '2023-03-24 11:40:20.053', '2023-03-24 11:40:20.053', true);

INSERT INTO public.usuario
(id, username, email, "password", image_profile, banner_url, confirm_token, money, experience, created_at, updated_at, ativo)
VALUES(1000000013, 'nicholas-soares', 'nicholas.soares@cwi.com', '$2a$10$rp2xDYBIsMIT1EUGj032veZ6kEIcqHYDn8qXMQoObHCajRC1JJf.W', 'http://localhost:8080/api/static/avatar01.png', 'http://localhost:8080/api/static/banner01.png', '01elmiqr', 1000000000, 10000, '2023-03-24 11:40:20.053', '2023-03-24 11:40:20.053', true);

INSERT INTO public.usuario
(id, username, email, "password", image_profile, banner_url, confirm_token, money, experience, created_at, updated_at, ativo)
VALUES(10000000014, 'ruann-lopes', 'ruann.lopes@cwi.com', '$2a$10$rp2xDYBIsMIT1EUGj032veZ6kEIcqHYDn8qXMQoObHCajRC1JJf.W', 'http://localhost:8080/api/static/avatar01.png', 'http://localhost:8080/api/static/banner01.png', '01elmiqr', 1000000000, 10000, '2023-03-24 11:40:20.053', '2023-03-24 11:40:20.053', true);

INSERT INTO public.usuario
(id, username, email, "password", image_profile, banner_url, confirm_token, money, experience, created_at, updated_at, ativo)
VALUES(1000000015, 'samuel-brustolin', 'samuel.brustolin@cwi.com', '$2a$10$rp2xDYBIsMIT1EUGj032veZ6kEIcqHYDn8qXMQoObHCajRC1JJf.W', 'http://localhost:8080/api/static/avatar01.png', 'http://localhost:8080/api/static/banner01.png', '01elmiqr', 1000000000, 10000, '2023-03-24 11:40:20.053', '2023-03-24 11:40:20.053', true);

INSERT INTO public.usuario
(id, username, email, "password", image_profile, banner_url, confirm_token, money, experience, created_at, updated_at, ativo)
VALUES(1000000016, 'vinicius-machado', 'vinicius.machado@cwi.com', '$2a$10$rp2xDYBIsMIT1EUGj032veZ6kEIcqHYDn8qXMQoObHCajRC1JJf.W', 'http://localhost:8080/api/static/avatar01.png', 'http://localhost:8080/api/static/banner01.png', '01elmiqr', 1000000000, 10000, '2023-03-24 11:40:20.053', '2023-03-24 11:40:20.053', true);



INSERT INTO public."permission"
(id, "name", user_id)
VALUES(1000000004, 'BASIC', 1000000004);

INSERT INTO public."permission"
(id, "name", user_id)
VALUES(1000000005, 'BASIC', 1000000005);

INSERT INTO public."permission"
(id, "name", user_id)
VALUES(1000000006, 'BASIC', 1000000006);
INSERT INTO public."permission"
(id, "name", user_id)
VALUES(1000000007, 'BASIC', 1000000007);
INSERT INTO public."permission"
(id, "name", user_id)
VALUES(1000000008, 'BASIC', 1000000008);
INSERT INTO public."permission"
(id, "name", user_id)
VALUES(1000000009, 'BASIC', 1000000009);
INSERT INTO public."permission"
(id, "name", user_id)
VALUES(1000000010, 'BASIC', 1000000010);
INSERT INTO public."permission"
(id, "name", user_id)
VALUES(1000000011, 'BASIC', 1000000011);
INSERT INTO public."permission"
(id, "name", user_id)
VALUES(1000000012, 'BASIC', 1000000012);
INSERT INTO public."permission"
(id, "name", user_id)
VALUES(1000000013, 'BASIC', 1000000013);
INSERT INTO public."permission"
(id, "name", user_id)
VALUES(10000000014, 'BASIC', 10000000014);
INSERT INTO public."permission"
(id, "name", user_id)
VALUES(1000000015, 'BASIC', 1000000015);
INSERT INTO public."permission"
(id, "name", user_id)
VALUES(1000000016, 'BASIC', 1000000016);



INSERT INTO public.friendship
(id, user_id, friend_id, status, created_at)
VALUES(1000000000, 1000000000, 1000000001, 'ACEITA', '2023-03-28 20:58:50.496');

INSERT INTO public.friendship
(id, user_id, friend_id, status, created_at)
VALUES(1000000002, 1000000001, 1000000000, 'ACEITA', '2023-03-28 20:58:50.487');

INSERT INTO public.friendship
(id, user_id, friend_id, status, created_at)
VALUES(1000000003, 1000000000, 1000000002, 'ACEITA', '2023-03-28 21:03:46.983');

INSERT INTO public.friendship
(id, user_id, friend_id, status, created_at)
VALUES(1000000004, 1000000002, 1000000000, 'ACEITA', '2023-03-28 21:03:46.980');

INSERT INTO public.friendship
(id, user_id, friend_id, status, created_at)
VALUES(1000000005, 1000000000, 1000000004, 'ACEITA', '2023-03-28 20:58:50.496');

INSERT INTO public.friendship
(id, user_id, friend_id, status, created_at)
VALUES(1000000006, 1000000004, 1000000000, 'ACEITA', '2023-03-28 20:58:50.487');

INSERT INTO public.friendship
(id, user_id, friend_id, status, created_at)
VALUES(1000000007, 1000000000, 1000000005, 'ACEITA', '2023-03-28 21:03:46.983');

INSERT INTO public.friendship
(id, user_id, friend_id, status, created_at)
VALUES(1000000008, 1000000005, 1000000000, 'ACEITA', '2023-03-28 21:03:46.980');

INSERT INTO public.friendship
(id, user_id, friend_id, status, created_at)
VALUES(1000000009, 1000000000, 1000000006, 'ACEITA', '2023-03-28 21:03:46.983');

INSERT INTO public.friendship
(id, user_id, friend_id, status, created_at)
VALUES(1000000010, 1000000006, 1000000000, 'ACEITA', '2023-03-28 21:03:46.980');

INSERT INTO public.friendship
(id, user_id, friend_id, status, created_at)
VALUES(1000000011, 1000000000, 1000000007, 'ACEITA', '2023-03-28 21:03:46.983');

INSERT INTO public.friendship
(id, user_id, friend_id, status, created_at)
VALUES(1000000012, 1000000007, 1000000000, 'ACEITA', '2023-03-28 21:03:46.980');

INSERT INTO public.friendship
(id, user_id, friend_id, status, created_at)
VALUES(1000000013, 1000000000, 1000000008, 'ACEITA', '2023-03-28 21:03:46.983');

INSERT INTO public.friendship
(id, user_id, friend_id, status, created_at)
VALUES(1000000014, 1000000008, 1000000000, 'ACEITA', '2023-03-28 21:03:46.980');

INSERT INTO public.friendship
(id, user_id, friend_id, status, created_at)
VALUES(1000000015, 1000000000, 1000000009, 'ACEITA', '2023-03-28 21:03:46.983');

INSERT INTO public.friendship
(id, user_id, friend_id, status, created_at)
VALUES(1000000016, 1000000009, 1000000000, 'ACEITA', '2023-03-28 21:03:46.980');

INSERT INTO public.friendship
(id, user_id, friend_id, status, created_at)
VALUES(1000000017, 1000000000, 1000000010, 'ACEITA', '2023-03-28 21:03:46.983');

INSERT INTO public.friendship
(id, user_id, friend_id, status, created_at)
VALUES(1000000018, 1000000010, 1000000000, 'ACEITA', '2023-03-28 21:03:46.980');

INSERT INTO public.friendship
(id, user_id, friend_id, status, created_at)
VALUES(1000000019, 1000000000, 1000000011, 'ACEITA', '2023-03-28 21:03:46.983');

INSERT INTO public.friendship
(id, user_id, friend_id, status, created_at)
VALUES(1000000020, 1000000011, 1000000000, 'ACEITA', '2023-03-28 21:03:46.980');

INSERT INTO public.friendship
(id, user_id, friend_id, status, created_at)
VALUES(1000000021, 1000000000, 1000000012, 'ACEITA', '2023-03-28 21:03:46.983');

INSERT INTO public.friendship
(id, user_id, friend_id, status, created_at)
VALUES(1000000022, 1000000012, 1000000000, 'ACEITA', '2023-03-28 21:03:46.980');

INSERT INTO public.friendship
(id, user_id, friend_id, status, created_at)
VALUES(1000000023, 1000000000, 1000000013, 'ACEITA', '2023-03-28 21:03:46.983');

INSERT INTO public.friendship
(id, user_id, friend_id, status, created_at)
VALUES(1000000024, 1000000013, 1000000000, 'ACEITA', '2023-03-28 21:03:46.980');



INSERT INTO public.task
(id, name, description, scheduled_date, start_time, end_time, recurring, visibility, category, priority, autor_id, finished_date)
VALUES(1000000000, 'Musica', 'Escutar música ao acordar', '2023-03-29', '09:00:00', '09:30:00', false, 'PUBLICO', 'LAZER', 'IMPORTANTE', 1000000000, NULL);

INSERT INTO public.task
(id, name, description, scheduled_date, start_time, end_time, recurring, visibility, category, priority, autor_id, finished_date)
VALUES(1000000001, 'Arrumar o quarto', 'Arrumar as roupas e cama', '2023-03-29', '09:30:00', '10:00:00', false, 'PUBLICO', 'LIMPEZA', 'IMPORTANTE', 1000000000, NULL);

INSERT INTO public.task
(id, name, description, scheduled_date, start_time, end_time, recurring, visibility, category, priority, autor_id, finished_date)
VALUES(1000000002, 'Lavar os dentes', 'Lavar os dentes depois do café da manha', '2023-03-29', '10:00:00', '10:30:00', false, 'PUBLICO', 'HIGIENE', 'IMPORTANTE', 1000000000, NULL);

INSERT INTO public.task
(id, name, description, scheduled_date, start_time, end_time, recurring, visibility, category, priority, autor_id, finished_date)
VALUES(1000000003, 'Estudar arquitetura distribuida', 'Ler artigos sobre o modelo arquitetural', '2023-03-29', '10:30:00', '11:00:00', false, 'PUBLICO', 'ESTUDO', 'IMPORTANTE', 1000000000, NULL);

INSERT INTO public.task
(id, name, description, scheduled_date, start_time, end_time, recurring, visibility, category, priority, autor_id, finished_date)
VALUES(1000000004, 'Correr', 'Fazer uma corrida leve na rua', '2023-03-29', '11:00:00', '11:30:00', false, 'PUBLICO', 'SAUDE', 'IMPORTANTE', 1000000000, NULL);

INSERT INTO public.task
(id, name, description, scheduled_date, start_time, end_time, recurring, visibility, category, priority, autor_id, finished_date)
VALUES(1000000005, 'Estrutura da API', 'Definir com o time a estrutura base da API', '2023-03-29', '11:30:00', '12:00:00', false, 'PUBLICO', 'TRABALHO', 'IMPORTANTE', 1000000000, NULL);


INSERT INTO public.task
(id, name, description, scheduled_date, start_time, end_time, recurring, visibility, category, priority, autor_id, finished_date)
VALUES(1000000006, 'Tarefa mensal', 'Acordas as 07hrs', '2023-03-01', '07:00:00', '07:10:00', false, 'PUBLICO', 'SAUDE', 'IMPORTANTE', 1000000000, NULL);
INSERT INTO public.task
(id, name, description, scheduled_date, start_time, end_time, recurring, visibility, category, priority, autor_id, finished_date)
VALUES(1000000007, 'Tarefa mensal', 'Acordas as 07hrs', '2023-03-02', '07:00:00', '07:10:00', false, 'PUBLICO', 'SAUDE', 'IMPORTANTE', 1000000000, NULL);
INSERT INTO public.task
(id, name, description, scheduled_date, start_time, end_time, recurring, visibility, category, priority, autor_id, finished_date)
VALUES(1000000008, 'Tarefa mensal', 'Acordas as 07hrs', '2023-03-03', '07:00:00', '07:10:00', false, 'PUBLICO', 'SAUDE', 'IMPORTANTE', 1000000000, NULL);
INSERT INTO public.task
(id, name, description, scheduled_date, start_time, end_time, recurring, visibility, category, priority, autor_id, finished_date)
VALUES(1000000009, 'Tarefa mensal', 'Acordas as 07hrs', '2023-03-04', '07:00:00', '07:10:00', false, 'PUBLICO', 'SAUDE', 'IMPORTANTE', 1000000000, NULL);
INSERT INTO public.task
(id, name, description, scheduled_date, start_time, end_time, recurring, visibility, category, priority, autor_id, finished_date)
VALUES(1000000010, 'Tarefa mensal', 'Acordas as 07hrs', '2023-03-05', '07:00:00', '07:10:00', false, 'PUBLICO', 'SAUDE', 'IMPORTANTE', 1000000000, NULL);
INSERT INTO public.task
(id, name, description, scheduled_date, start_time, end_time, recurring, visibility, category, priority, autor_id, finished_date)
VALUES(1000000011, 'Tarefa mensal', 'Acordas as 07hrs', '2023-03-06', '07:00:00', '07:10:00', false, 'PUBLICO', 'SAUDE', 'IMPORTANTE', 1000000000, NULL);
INSERT INTO public.task
(id, name, description, scheduled_date, start_time, end_time, recurring, visibility, category, priority, autor_id, finished_date)
VALUES(1000000012, 'Tarefa mensal', 'Acordas as 07hrs', '2023-03-07', '07:00:00', '07:10:00', false, 'PUBLICO', 'SAUDE', 'IMPORTANTE', 1000000000, NULL);
INSERT INTO public.task
(id, name, description, scheduled_date, start_time, end_time, recurring, visibility, category, priority, autor_id, finished_date)
VALUES(1000000013, 'Tarefa mensal', 'Acordas as 07hrs', '2023-03-08', '07:00:00', '07:10:00', false, 'PUBLICO', 'SAUDE', 'IMPORTANTE', 1000000000, NULL);
INSERT INTO public.task
(id, name, description, scheduled_date, start_time, end_time, recurring, visibility, category, priority, autor_id, finished_date)
VALUES(1000000014, 'Tarefa mensal', 'Acordas as 07hrs', '2023-03-09', '07:00:00', '07:10:00', false, 'PUBLICO', 'SAUDE', 'IMPORTANTE', 1000000000, NULL);
INSERT INTO public.task
(id, name, description, scheduled_date, start_time, end_time, recurring, visibility, category, priority, autor_id, finished_date)
VALUES(1000000015, 'Tarefa mensal', 'Acordas as 07hrs', '2023-03-10', '07:00:00', '07:10:00', false, 'PUBLICO', 'SAUDE', 'IMPORTANTE', 1000000000, NULL);
INSERT INTO public.task
(id, name, description, scheduled_date, start_time, end_time, recurring, visibility, category, priority, autor_id, finished_date)
VALUES(1000000016, 'Tarefa mensal', 'Acordas as 07hrs', '2023-03-11', '07:00:00', '07:10:00', false, 'PUBLICO', 'SAUDE', 'IMPORTANTE', 1000000000, NULL);
INSERT INTO public.task
(id, name, description, scheduled_date, start_time, end_time, recurring, visibility, category, priority, autor_id, finished_date)
VALUES(1000000017, 'Tarefa mensal', 'Acordas as 07hrs', '2023-03-12', '07:00:00', '07:10:00', false, 'PUBLICO', 'SAUDE', 'IMPORTANTE', 1000000000, NULL);
INSERT INTO public.task
(id, name, description, scheduled_date, start_time, end_time, recurring, visibility, category, priority, autor_id, finished_date)
VALUES(1000000018, 'Tarefa mensal', 'Acordas as 07hrs', '2023-03-13', '07:00:00', '07:10:00', false, 'PUBLICO', 'SAUDE', 'IMPORTANTE', 1000000000, NULL);
INSERT INTO public.task
(id, name, description, scheduled_date, start_time, end_time, recurring, visibility, category, priority, autor_id, finished_date)
VALUES(1000000019, 'Tarefa mensal', 'Acordas as 07hrs', '2023-03-14', '07:00:00', '07:10:00', false, 'PUBLICO', 'SAUDE', 'IMPORTANTE', 1000000000, NULL);
INSERT INTO public.task
(id, name, description, scheduled_date, start_time, end_time, recurring, visibility, category, priority, autor_id, finished_date)
VALUES(1000000020, 'Tarefa mensal', 'Acordas as 07hrs', '2023-03-15', '07:00:00', '07:10:00', false, 'PUBLICO', 'SAUDE', 'IMPORTANTE', 1000000000, NULL);
INSERT INTO public.task
(id, name, description, scheduled_date, start_time, end_time, recurring, visibility, category, priority, autor_id, finished_date)
VALUES(1000000021, 'Tarefa mensal', 'Acordas as 07hrs', '2023-03-16', '07:00:00', '07:10:00', false, 'PUBLICO', 'SAUDE', 'IMPORTANTE', 1000000000, NULL);
INSERT INTO public.task
(id, name, description, scheduled_date, start_time, end_time, recurring, visibility, category, priority, autor_id, finished_date)
VALUES(1000000022, 'Tarefa mensal', 'Acordas as 07hrs', '2023-03-17', '07:00:00', '07:10:00', false, 'PUBLICO', 'SAUDE', 'IMPORTANTE', 1000000000, NULL);
INSERT INTO public.task
(id, name, description, scheduled_date, start_time, end_time, recurring, visibility, category, priority, autor_id, finished_date)
VALUES(1000000023, 'Tarefa mensal', 'Acordas as 07hrs', '2023-03-18', '07:00:00', '07:10:00', false, 'PUBLICO', 'SAUDE', 'IMPORTANTE', 1000000000, NULL);
INSERT INTO public.task
(id, name, description, scheduled_date, start_time, end_time, recurring, visibility, category, priority, autor_id, finished_date)
VALUES(1000000024, 'Tarefa mensal', 'Acordas as 07hrs', '2023-03-19', '07:00:00', '07:10:00', false, 'PUBLICO', 'SAUDE', 'IMPORTANTE', 1000000000, NULL);
INSERT INTO public.task
(id, name, description, scheduled_date, start_time, end_time, recurring, visibility, category, priority, autor_id, finished_date)
VALUES(1000000025, 'Tarefa mensal', 'Acordas as 07hrs', '2023-03-20', '07:00:00', '07:10:00', false, 'PUBLICO', 'SAUDE', 'IMPORTANTE', 1000000000, NULL);
INSERT INTO public.task
(id, name, description, scheduled_date, start_time, end_time, recurring, visibility, category, priority, autor_id, finished_date)
VALUES(1000000026, 'Tarefa mensal', 'Acordas as 07hrs', '2023-03-21', '07:00:00', '07:10:00', false, 'PUBLICO', 'SAUDE', 'IMPORTANTE', 1000000000, NULL);
INSERT INTO public.task
(id, name, description, scheduled_date, start_time, end_time, recurring, visibility, category, priority, autor_id, finished_date)
VALUES(1000000027, 'Tarefa mensal', 'Acordas as 07hrs', '2023-03-22', '07:00:00', '07:10:00', false, 'PUBLICO', 'SAUDE', 'IMPORTANTE', 1000000000, NULL);
INSERT INTO public.task
(id, name, description, scheduled_date, start_time, end_time, recurring, visibility, category, priority, autor_id, finished_date)
VALUES(1000000028, 'Tarefa mensal', 'Acordas as 07hrs', '2023-03-23', '07:00:00', '07:10:00', false, 'PUBLICO', 'SAUDE', 'IMPORTANTE', 1000000000, NULL);
INSERT INTO public.task
(id, name, description, scheduled_date, start_time, end_time, recurring, visibility, category, priority, autor_id, finished_date)
VALUES(1000000029, 'Tarefa mensal', 'Acordas as 07hrs', '2023-03-24', '07:00:00', '07:10:00', false, 'PUBLICO', 'SAUDE', 'IMPORTANTE', 1000000000, NULL);
INSERT INTO public.task
(id, name, description, scheduled_date, start_time, end_time, recurring, visibility, category, priority, autor_id, finished_date)
VALUES(1000000030, 'Tarefa mensal', 'Acordas as 07hrs', '2023-03-25', '07:00:00', '07:10:00', false, 'PUBLICO', 'SAUDE', 'IMPORTANTE', 1000000000, NULL);
INSERT INTO public.task
(id, name, description, scheduled_date, start_time, end_time, recurring, visibility, category, priority, autor_id, finished_date)
VALUES(1000000031, 'Tarefa mensal', 'Acordas as 07hrs', '2023-03-26', '07:00:00', '07:10:00', false, 'PUBLICO', 'SAUDE', 'IMPORTANTE', 1000000000, NULL);
INSERT INTO public.task
(id, name, description, scheduled_date, start_time, end_time, recurring, visibility, category, priority, autor_id, finished_date)
VALUES(1000000032, 'Tarefa mensal', 'Acordas as 07hrs', '2023-03-27', '07:00:00', '07:10:00', false, 'PUBLICO', 'SAUDE', 'IMPORTANTE', 1000000000, NULL);
INSERT INTO public.task
(id, name, description, scheduled_date, start_time, end_time, recurring, visibility, category, priority, autor_id, finished_date)
VALUES(1000000033, 'Tarefa mensal', 'Acordas as 07hrs', '2023-03-28', '07:00:00', '07:10:00', false, 'PUBLICO', 'SAUDE', 'IMPORTANTE', 1000000000, NULL);
INSERT INTO public.task
(id, name, description, scheduled_date, start_time, end_time, recurring, visibility, category, priority, autor_id, finished_date)
VALUES(1000000034, 'Tarefa mensal', 'Acordas as 07hrs', '2023-03-29', '07:00:00', '07:10:00', false, 'PUBLICO', 'SAUDE', 'IMPORTANTE', 1000000000, NULL);
INSERT INTO public.task
(id, name, description, scheduled_date, start_time, end_time, recurring, visibility, category, priority, autor_id, finished_date)
VALUES(1000000035, 'Tarefa mensal', 'Acordas as 07hrs', '2023-03-30', '07:00:00', '07:10:00', false, 'PUBLICO', 'SAUDE', 'IMPORTANTE', 1000000000, NULL);


INSERT INTO public.task
(id, name, description, scheduled_date, start_time, end_time, recurring, visibility, category, priority, autor_id, finished_date)
VALUES(1000000036, 'Tarefa semanal', 'tomar café', '2023-03-27', '08:00:00', '08:30:00', false, 'PUBLICO', 'SAUDE', 'IMPORTANTE', 1000000000, NULL);

INSERT INTO public.task
(id, name, description, scheduled_date, start_time, end_time, recurring, visibility, category, priority, autor_id, finished_date)
VALUES(1000000037, 'Tarefa semanal', 'tomar café', '2023-03-28', '08:00:00', '08:30:00', false, 'PUBLICO', 'SAUDE', 'IMPORTANTE', 1000000000, NULL);

INSERT INTO public.task
(id, name, description, scheduled_date, start_time, end_time, recurring, visibility, category, priority, autor_id, finished_date)
VALUES(1000000038, 'Tarefa semanal', 'tomar café', '2023-03-29', '08:00:00', '08:30:00', false, 'PUBLICO', 'SAUDE', 'IMPORTANTE', 1000000000, NULL);


INSERT INTO public.task
(id, name, description, scheduled_date, start_time, end_time, recurring, visibility, category, priority, autor_id, finished_date)
VALUES(1000000039, 'Tarefa semanal', 'tomar café', '2023-03-30', '08:00:00', '08:30:00', false, 'PUBLICO', 'SAUDE', 'IMPORTANTE', 1000000000, NULL);

INSERT INTO public.task
(id, name, description, scheduled_date, start_time, end_time, recurring, visibility, category, priority, autor_id, finished_date)
VALUES(1000000040, 'Tarefa semanal', 'tomar café', '2023-03-31', '08:00:00', '08:30:00', false, 'PUBLICO', 'SAUDE', 'IMPORTANTE', 1000000000, NULL);

INSERT INTO public.task
(id, name, description, scheduled_date, start_time, end_time, recurring, visibility, category, priority, autor_id, finished_date)
VALUES(1000000041, 'Tarefa semanal', 'tomar café', '2023-04-01', '08:00:00', '08:30:00', false, 'PUBLICO', 'SAUDE', 'IMPORTANTE', 1000000000, NULL);

INSERT INTO public.task
(id, name, description, scheduled_date, start_time, end_time, recurring, visibility, category, priority, autor_id, finished_date)
VALUES(1000000042, 'Tarefa semanal', 'tomar café', '2023-04-02', '08:00:00', '08:30:00', false, 'PUBLICO', 'SAUDE', 'IMPORTANTE', 1000000000, NULL);

